price,id
78.17129159149383,0
90.31207177498048,1
118.5978067516223,2
114.30315377273266,3
142.0737504138485,4
347.8305964701683,5
221.50264362700884,6
163.02759436041717,7
157.30199552037422,8
92.87126539357608,9
200.65994137235583,10
178.91190144129698,11
119.83290589124564,12
124.07843104087416,13
262.639325459382,14
78.54864253651951,15
132.77276629850869,16
210.3672583949626,17
151.4732837042645,18
117.04798560020184,19
259.05875430711217,20
158.69103295252327,21
220.98945703067488,22
204.67107604154052,23
118.23449330114428,24
166.64353088372056,25
222.93802772544925,26
109.4637684434526,27
143.8455036830962,28
229.0867100366265,29
287.89474556817345,30
89.86590695929382,31
160.63506735385064,32
148.20542392030958,33
233.06923813455407,34
112.87920601469132,35
155.50632021658723,36
128.18296385639016,37
287.9109069489748,38
193.5211130984933,39
79.07690340456222,40
132.5828252554745,41
147.2332567115188,42
261.8256557685197,43
149.35912290111784,44
243.55156657368545,45
251.6079818316609,46
109.4835403290451,47
80.52798650496308,48
239.27427689999945,49
156.23111671105627,50
174.35084154632543,51
94.43653301604692,52
41.40713385947649,53
146.91936163128022,54
152.13457563974563,55
104.46827118460688,56
74.04668531276886,57
88.2126962196887,58
255.64458822914068,59
266.19238866948194,60
349.0108361587734,61
123.03579971649351,62
176.1952131883115,63
275.92161713250584,64
160.49894744752575,65
158.3679096436933,66
151.77383678209637,67
156.2574775581122,68
393.3978414934934,69
112.32898471214476,70
450.1912136495919,71
192.5547345791817,72
144.52606442280714,73
171.98217434891168,74
62.05640746549372,75
145.3725124438167,76
141.5713645209432,77
125.20887631819252,78
99.80557844497864,79
82.24400853820745,80
124.95893540222798,81
91.40115221486096,82
80.6046163909011,83
173.14657824196522,84
161.9028837381736,85
137.2266767592043,86
141.44088131458167,87
171.71939044714574,88
280.1671881683976,89
225.91114117101435,90
132.68022784207616,91
159.27669763927017,92
143.4660756088667,93
161.0804924749643,94
424.49314913608737,95
114.506335356167,96
92.5159172712699,97
196.1233251848132,98
179.50787327893678,99
171.2854092669547,100
266.725601573369,101
196.5360910425768,102
241.42142315664,103
147.77542852320377,104
109.93813776866202,105
7.288340912094753,106
160.38799910329882,107
169.52837558173243,108
249.8402848563962,109
141.93194190029655,110
80.87022998080258,111
309.32619335212416,112
138.0816240877718,113
60.38380668208603,114
147.36165185541515,115
194.6208258391232,116
119.27308563691231,117
137.4857958759055,118
124.946477592817,119
255.5588877991647,120
364.9667832668745,121
76.75897271780897,122
164.08479132958357,123
85.24845798023645,124
208.7731906053484,125
280.9377574221105,126
230.29445081286727,127
155.1211919424929,128
135.01325301489462,129
106.72059597157542,130
232.92390336551367,131
174.70859039191757,132
175.1456025781915,133
77.79537137307827,134
284.92577862449593,135
183.4279876471371,136
70.53195028275852,137
108.59010729835038,138
79.10263894487773,139
315.0350838609845,140
132.5498701863796,141
172.8400467493445,142
171.29304662056867,143
153.27319800191228,144
76.67424241070304,145
73.41830984213058,146
79.21578372166161,147
142.3600463204891,148
150.73160775554035,149
83.67023529194896,150
98.42328287836764,151
244.20252852690075,152
457.10997909576304,153
119.5882289660037,154
158.49801653519873,155
120.05308607489472,156
200.0456242606849,157
121.68272691349168,158
66.87057600439195,159
97.79707929574552,160
445.615691196999,161
135.88759563945834,162
51.86255043361936,163
226.6519810397983,164
654.2981926620812,165
166.8580111096487,166
137.2875494192228,167
136.06094245695178,168
216.2593662262768,169
315.334464398107,170
175.04122439481918,171
201.9457310707182,172
97.99545203045612,173
162.94421949878935,174
166.62088987779472,175
162.86078014307324,176
134.71053880815063,177
240.01962048270408,178
149.37828554016207,179
165.49225216441457,180
72.38024242304866,181
88.70526428230707,182
121.93248894520704,183
253.9235122398347,184
258.48115170643337,185
212.68211866997785,186
255.80073656364013,187
103.26288443886344,188
242.14829917427755,189
168.3765851751775,190
205.6496099879839,191
211.3885632724375,192
56.75299567998056,193
145.49747341767554,194
130.95347056480725,195
140.09531362996103,196
82.2240377439991,197
370.0683033209168,198
56.19066840027128,199
140.61198007397954,200
462.4606985476673,201
234.70532427997,202
96.1831830059052,203
160.68367891282443,204
209.5482130412817,205
183.0265756481201,206
127.5941026107282,207
81.25126517926012,208
185.59927937005315,209
127.4434399156705,210
82.8914843088821,211
73.32230828598742,212
246.80908419274397,213
202.40830154799525,214
233.68548545323912,215
82.66481785558764,216
154.6677382429004,217
154.09802128457133,218
146.87248872535903,219
175.49133081257943,220
207.4856535409451,221
143.16547883943323,222
113.4350959443361,223
268.63315741427846,224
92.82305563975726,225
106.07517743332912,226
202.999480201757,227
126.61590344075714,228
137.55076593150054,229
238.33862814762296,230
137.82003333688382,231
153.44277916838084,232
124.33761149727408,233
385.60951928504414,234
99.91150796402846,235
148.526359908177,236
286.2389278569133,237
154.36134092219774,238
238.4838202343196,239
88.80635114748631,240
146.84473122086976,241
156.91719235702087,242
353.2173118003518,243
114.32162720233802,244
123.5486691583753,245
187.5853501906492,246
233.54094778456397,247
124.70708056621854,248
338.07901775174446,249
84.06947453868244,250
291.4603282668502,251
184.31145377353437,252
122.50894870132808,253
119.2189283118457,254
49.58391767822806,255
197.39496241219945,256
229.03669308581055,257
147.9544513643593,258
124.92212272145454,259
230.7620823223949,260
288.52777583979673,261
158.83760820784275,262
204.61250998162333,263
226.41904428311287,264
395.2742160753221,265
185.0622167148501,266
131.87674966909591,267
147.41225884378557,268
127.9162821717434,269
69.53460861964751,270
123.4463846114338,271
166.09287710477267,272
145.82223985240464,273
139.55263392244134,274
188.95006550372247,275
141.79493311036978,276
154.64522464469675,277
169.8540944558442,278
254.7035047960341,279
122.92236114003364,280
117.95353924938146,281
100.11923182931396,282
173.62678500906233,283
123.3814377066553,284
269.1611666147471,285
246.30226545490925,286
93.97549254343514,287
95.48868087296044,288
221.5603908588052,289
224.43529515050952,290
161.0921189364851,291
91.53946715582762,292
156.82091922116135,293
276.8288291309834,294
253.65391513042752,295
233.42852005445067,296
148.2351737999231,297
142.85773082718853,298
290.3741747223646,299
312.02754131926827,300
93.61989984138538,301
151.4748673047395,302
173.99450934155513,303
78.52158891305928,304
312.0495717906267,305
126.98725936458116,306
230.1139414598108,307
163.80240716588352,308
194.05939396646477,309
143.82152047463362,310
84.40241295926873,311
210.23328032799665,312
262.27697993897505,313
130.3292276085228,314
182.03158887558288,315
183.74390183844272,316
125.22036898591224,317
191.64061568387453,318
121.0399595102169,319
138.48776440777485,320
152.42290808529262,321
133.8060179612473,322
195.57511802472771,323
135.90644575318922,324
139.40508087061946,325
88.51737279900019,326
111.19892285846774,327
202.15405855037872,328
153.2822287426204,329
151.79119737761695,330
139.14095747180883,331
228.31172598049645,332
109.85818814010028,333
287.7800506007732,334
150.43213551946585,335
121.14256087307488,336
136.1649383687288,337
159.61345982960094,338
73.81879332837318,339
226.5498866521627,340
89.14601389960055,341
253.1376030825884,342
124.40461657651367,343
164.8757646650881,344
497.300595968856,345
427.0304027822674,346
107.55642056920234,347
187.84326961160303,348
193.9206882928372,349
192.77916428669025,350
258.3155980993868,351
138.64026155312214,352
91.40756285552536,353
91.8442718441472,354
126.439296319975,355
450.8385542676658,356
157.85544006981556,357
194.76308287203912,358
141.3607458741278,359
234.42758979730908,360
189.97632490739824,361
147.92033180863265,362
123.48971419770872,363
261.70692716621465,364
262.6900417980612,365
351.46267587401576,366
78.71317847528164,367
202.36854655564431,368
121.26112623874698,369
220.1056732133836,370
232.23965075322096,371
234.32063126646585,372
143.4355724350423,373
367.7936448016078,374
118.68708407588905,375
250.9848093175203,376
224.917219844541,377
196.30084710045384,378
264.1749326874376,379
170.90473655321304,380
225.1876677711368,381
233.0103282685265,382
266.00672241010375,383
230.27829108376656,384
168.88716384478514,385
430.8461473666937,386
179.91120947607462,387
258.69675877167515,388
183.3427349500232,389
90.11332205299888,390
132.64720429190103,391
94.9272881149188,392
99.13149772946392,393
159.90064439818863,394
227.32651112124924,395
102.55978022039535,396
207.36964417517785,397
187.64024315670733,398
237.63357272826732,399
157.63120528579358,400
163.53421752982442,401
138.9984789769039,402
134.20695631940518,403
200.70773548249755,404
90.7702202730686,405
97.97974282585685,406
78.02325654857461,407
149.56975899160508,408
200.58713764966132,409
101.96948053770367,410
228.53308247484867,411
75.1579437925354,412
159.11967216142122,413
234.0226858182684,414
359.44814744301743,415
159.43218926702295,416
280.8300720536024,417
308.8894754917235,418
241.3402777583212,419
66.96796136059467,420
227.87027953833945,421
176.3415902004451,422
127.43621537171904,423
164.7255993270189,424
283.4498999574096,425
218.5002612591595,426
241.74723117508597,427
171.79334232107405,428
142.9604361177296,429
199.46896795638503,430
90.39291070204828,431
129.748055293119,432
195.16934010236196,433
78.57143724326644,434
204.2670999252111,435
395.22932888650007,436
108.60247277644132,437
73.36458629824821,438
108.38705582813029,439
224.3679751613051,440
371.243278059537,441
234.7327304378957,442
132.14148943395023,443
224.66752883129425,444
179.9927278392822,445
151.57777261723433,446
160.73341167241935,447
135.89739897557203,448
157.2733857518867,449
222.04492000200452,450
170.30890585192148,451
154.0680837378711,452
226.6614541438282,453
145.9210036693946,454
308.74450719578795,455
161.2628416725308,456
87.42141199706722,457
103.80601263780748,458
247.23791281030185,459
163.10772498127673,460
208.9819094225638,461
172.5833297585011,462
333.8496021804274,463
329.0068642319054,464
201.78938012745832,465
192.96900519252424,466
144.96153703321372,467
299.0314992823512,468
108.8534948675767,469
147.5948591305748,470
198.5039858765774,471
110.16399222229276,472
263.5426924106539,473
69.91513120465581,474
137.1824182364032,475
161.9955272962213,476
288.3532920935065,477
239.90843353503053,478
136.01363861829643,479
153.3318256771997,480
110.18034224667257,481
188.79016059347097,482
268.6678667914928,483
156.05036989868287,484
178.7821791771673,485
162.60220227845613,486
376.2679679271639,487
126.55563148752456,488
88.19970077545051,489
176.71692986868922,490
61.17956579559152,491
139.79118648067717,492
119.13561993547384,493
183.7905053411484,494
143.0596519707576,495
149.0802733757407,496
96.10369582370524,497
103.17964380223904,498
264.37333991461105,499
190.4997444421858,500
250.796513326826,501
153.84175088711683,502
191.09601962369533,503
165.72630320199434,504
86.18054455973808,505
165.88125428639952,506
150.76678627439443,507
213.2522334576458,508
650.0230727203996,509
101.20045504242782,510
191.80569305726,511
121.0603710453831,512
305.59469643317766,513
119.67489000678664,514
222.12398142263893,515
172.5833297585011,516
147.8580643542916,517
148.09663149797026,518
224.7673599895895,519
111.53353023052816,520
92.58318121208478,521
158.6001718276054,522
193.48894155480568,523
210.60050611653037,524
129.5708973355465,525
332.9192734126807,526
228.46988822602336,527
205.17677105114464,528
141.2090695732147,529
141.917421740374,530
149.26588449057792,531
125.24730325339962,532
76.21385467414413,533
336.1492168837101,534
116.4458647294775,535
73.3713899738029,536
128.25905397523795,537
228.8272423454434,538
224.4235535169825,539
281.92133219063885,540
140.14785897255544,541
209.59714279778905,542
267.7675262772352,543
391.64399964631207,544
183.7551056266636,545
119.43019442715352,546
180.49365671434109,547
99.18678980403249,548
114.49783257151624,549
127.40868107684555,550
293.9380776834548,551
82.50708518632356,552
171.21988797270362,553
146.5098600405142,554
117.0096824354366,555
167.21878563322727,556
135.6070436843545,557
199.26816706767903,558
93.28760357563053,559
134.1798914194912,560
376.742912557336,561
241.08606932767336,562
134.49190392241482,563
142.82314844605182,564
150.05044268666435,565
160.1783328511626,566
129.36894367159013,567
96.7943564074919,568
107.73584316939716,569
135.69462918758992,570
308.80049925193794,571
117.5055654541463,572
78.80898244202737,573
120.97503160209064,574
128.0187739952341,575
179.41330719961454,576
152.97023061698903,577
127.18752204709357,578
248.29876060680155,579
153.11833267368976,580
224.9944274098486,581
151.43914391555492,582
195.72923755169515,583
75.85071733862762,584
107.90545325808829,585
256.6867862389297,586
194.36456195161347,587
239.0544203975112,588
154.74500480889012,589
284.30691650219865,590
216.08284756763507,591
56.20116628975276,592
192.96433965571825,593
198.42860841833652,594
184.49461741874595,595
300.71314359725125,596
140.89778203227226,597
299.0978319746316,598
275.093776081583,599
388.2768396072895,600
214.44404300012292,601
61.02923560597603,602
232.95804576239215,603
215.47660123825676,604
228.02820251359276,605
255.09724675713707,606
104.20107227553282,607
138.78597895883624,608
157.606574402085,609
138.87475885160868,610
231.97782423057265,611
171.3068261890546,612
74.45551797830169,613
229.2903577209324,614
195.74626041658823,615
250.5551630155057,616
237.63942557423044,617
196.63966301352383,618
284.8200683313296,619
105.876562480709,620
165.1564418006562,621
124.25533911063005,622
169.46123511240486,623
348.6144010898531,624
100.65567268048082,625
156.2071890122131,626
114.12748643093413,627
242.84850095667545,628
147.7545080882371,629
113.204711804992,630
72.13418627799157,631
124.04038505897526,632
115.21284363501374,633
228.29440941371624,634
111.37441568997356,635
214.72391574539844,636
70.35337848578249,637
141.58355595440273,638
143.59858235939075,639
187.65208626714204,640
66.33642634738837,641
101.54780750617984,642
115.70839638718073,643
85.50417778164748,644
173.1973505307794,645
107.14002259530729,646
177.46599470114936,647
236.3160111130089,648
75.74198190112267,649
153.93950621121232,650
115.40220421262686,651
156.07647421619524,652
121.50686583564286,653
43.33585469786678,654
299.86758126773543,655
125.47590765067044,656
161.2399726779074,657
190.79325531319384,658
127.55563437276189,659
135.86714281224317,660
344.4469546497673,661
235.50617463969292,662
104.34965645697568,663
518.2240197555036,664
644.5659999073357,665
115.4028285517231,666
295.3109386497051,667
162.11971568771307,668
141.83270398051147,669
297.7321238227994,670
153.15689589445148,671
171.20207617514436,672
131.72529528931383,673
281.36850990437574,674
126.96930275567476,675
266.1361984507055,676
139.5560749553949,677
157.1564076141328,678
147.8768863350958,679
83.96078798816208,680
289.0386301007927,681
317.7873660259754,682
266.9160481718243,683
208.77761587396864,684
69.2812766427048,685
111.38886687242096,686
199.0545534639493,687
182.13741263317544,688
212.51457301796083,689
148.9225780590311,690
352.28106570698924,691
227.69221893408005,692
379.3451290101618,693
99.33618716139948,694
146.77737571754162,695
89.44827850618069,696
128.37930514000956,697
164.3067839898974,698
100.44339423895482,699
96.7139624402732,700
210.2209655445874,701
121.36712774716918,702
241.43482781936083,703
321.5858798873485,704
147.90115058504645,705
154.08153470874433,706
216.4489307784349,707
133.3855522543997,708
289.0970039767087,709
144.41078758508567,710
128.96178504069005,711
110.96831345640724,712
23.05005671632145,713
216.72580166243617,714
72.86459440354858,715
112.48341276206676,716
197.3496562665202,717
161.32162264677365,718
228.5676902894736,719
178.24051069830213,720
142.52478543379013,721
200.44673189230863,722
150.14673915587966,723
205.18457208656372,724
132.46245422110562,725
361.5041884578639,726
240.09354367934768,727
123.35872573301796,728
241.22976488888864,729
175.19209811360244,730
299.9579220012636,731
230.0609437868804,732
75.17564490659763,733
73.46017364914198,734
222.6207939543635,735
108.0536554100797,736
125.78374199279251,737
110.59873914056126,738
307.8909478642852,739
371.557778627506,740
260.0491937518925,741
212.5976598010272,742
167.7041585653894,743
188.34961047199224,744
98.2650890339971,745
220.9776736878664,746
78.7105456095994,747
143.78123736464087,748
235.4354346998841,749
300.4451340687335,750
258.85666370846934,751
756.2040860996456,752
122.86499320053164,753
301.0042970710308,754
108.4806065469854,755
131.51337740839128,756
124.70778171428148,757
570.5580412567467,758
214.38436815877117,759
154.80765632343147,760
424.3839334313632,761
158.19697579777468,762
97.47556867253635,763
169.70299319632952,764
180.00554343255837,765
116.72211054981356,766
262.65655554727323,767
165.11565368705098,768
104.02806620941166,769
63.49222050317232,770
255.75828462549157,771
56.25116578944628,772
213.99795334496204,773
194.28450645775203,774
171.20619857300673,775
172.904876473254,776
105.96577823617164,777
163.3201287676454,778
122.15474112041896,779
277.1932735898406,780
171.90988404852007,781
433.4077708878429,782
120.98832270771864,783
131.38039562700916,784
286.7623682458759,785
175.83105911024515,786
125.99479023077194,787
195.18479387544696,788
133.5869410297707,789
137.6661763832778,790
166.8296891347379,791
191.8123738233805,792
172.26991249424074,793
145.84277299315335,794
55.502140900945705,795
100.8965674945027,796
120.92543086119596,797
182.9242286913902,798
375.0910562895112,799
137.88319466159348,800
164.76868884161715,801
152.3914886823729,802
156.03417795420293,803
123.22364443529996,804
211.18467312202455,805
240.35388573900465,806
347.668098506412,807
157.3143624774054,808
146.79002528347675,809
110.54141698860232,810
63.86622257985775,811
188.6538451359481,812
164.35053169809882,813
132.19790360972883,814
130.4569712922782,815
175.15045341279958,816
330.64862812765546,817
172.6785358319864,818
274.5989136196547,819
206.85743982986216,820
177.89516897582118,821
196.10043987341825,822
349.8099759341092,823
166.283503033115,824
127.89855074359704,825
186.63385073923172,826
144.49114095129673,827
167.60004429974262,828
219.48366619356577,829
203.5755929740951,830
294.4676338442476,831
115.09937982716266,832
322.28006071679897,833
186.49138683908288,834
81.02043363441382,835
207.2294128843457,836
159.4149722521067,837
218.71392318688933,838
188.2813944452316,839
223.05473595567648,840
201.94653172501032,841
207.9847907245964,842
122.2339280088306,843
92.6400808015712,844
78.2088473149449,845
86.31245803822432,846
61.29462170310919,847
131.32656475239102,848
84.70046070626606,849
142.55089677207772,850
235.55242441304628,851
204.3322663911492,852
113.00586839847868,853
209.2046736934096,854
146.36929149263207,855
137.87811254885648,856
148.91122228362266,857
103.59256307071676,858
204.86995670142247,859
189.74342435541232,860
46.290039486146014,861
109.69996193878951,862
199.9711450197608,863
178.29684422946204,864
163.5276323644318,865
334.3996446848721,866
173.5580315952063,867
160.0892324306876,868
91.29663266696636,869
179.2186538613275,870
394.5453049325258,871
119.22601545312112,872
155.72869883094583,873
227.3398424357981,874
272.3335492768199,875
243.8529631485105,876
231.98194731854505,877
229.3617373266131,878
111.17712023936812,879
122.7911871046633,880
126.98241217889492,881
297.1442710476801,882
117.10508576490584,883
229.07852795430128,884
194.54381935567264,885
180.98377603933812,886
294.45042200469084,887
119.2929997638673,888
154.66583051801328,889
218.35931457289163,890
102.99594600394968,891
80.50290505670611,892
144.06153052010242,893
107.16468501080428,894
196.72028566606943,895
139.70976124041383,896
96.40978518490348,897
53.00552379049961,898
164.87590346195404,899
197.56571450073872,900
200.3736108586997,901
107.53810850427156,902
160.7045871437401,903
61.40951306176041,904
157.65592525609438,905
117.82283246413472,906
131.809678568399,907
97.33027961513628,908
125.69287453301853,909
185.97100534000103,910
673.6916565121026,911
97.54838040553634,912
159.80844410498295,913
214.49132694014017,914
67.37059754960839,915
213.131215319863,916
245.93320799328987,917
142.66603582434956,918
335.6927926902533,919
161.72373272933666,920
96.5790406641424,921
204.70303072676663,922
218.63018928550784,923
200.81883931801323,924
147.0485749346078,925
100.51702230133716,926
164.18824689731602,927
245.495204769202,928
134.4431605105162,929
347.8147233323068,930
115.58528680623178,931
126.58982617583726,932
132.08649763920013,933
182.1789741058708,934
126.96094540216627,935
266.2140142050446,936
195.93409715116624,937
122.97245339014236,938
128.57445295610134,939
205.5581182584972,940
170.03761198081676,941
168.8028546524108,942
137.17639028177263,943
199.209172008919,944
160.54557981424634,945
111.47727853980516,946
107.0337240126789,947
122.9010785919488,948
111.79763966834771,949
142.2049170992211,950
189.22246392153804,951
60.16548964650039,952
196.1044394470625,953
226.3270907242656,954
234.689282181567,955
185.8882560235322,956
133.55199596182112,957
136.64407473605726,958
231.54743264325563,959
117.47596710444095,960
364.64436276712127,961
161.91243328376342,962
221.5586890847296,963
137.32557547174994,964
155.17981336720888,965
150.09252587695275,966
148.64988655307,967
224.7533678830475,968
84.2132635460109,969
169.68094943918888,970
210.97109481961132,971
97.22195680708292,972
306.9517704610587,973
153.8509912070692,974
127.5130794019312,975
170.22468872078363,976
264.56632674568004,977
148.14889864333574,978
192.7574470368088,979
214.91271478346215,980
144.1317081347913,981
177.08717053466145,982
124.31987176173035,983
154.54960295733665,984
126.8427625050642,985
301.387107244587,986
169.89808806393896,987
266.9935199715071,988
152.1174857904077,989
134.80325565942232,990
171.15684100602422,991
109.4207665174142,992
135.6357090574563,993
409.28825594334535,994
312.7197212044955,995
253.97361701390372,996
222.5052184389312,997
123.10669746518737,998
110.41990748875445,999
214.1018774331421,1000
219.5793941811532,1001
167.76310472319503,1002
97.27581624303612,1003
118.89893210203056,1004
129.76876489714388,1005
183.9879933380396,1006
54.27788815031428,1007
154.56374182029296,1008
250.07219599456195,1009
183.48091211252515,1010
185.77363522805877,1011
87.51133267198358,1012
203.36103807472293,1013
232.32247102343143,1014
62.68478294963617,1015
119.79745864019398,1016
110.78216033883992,1017
362.1897776377261,1018
162.34868973343302,1019
197.11577439018197,1020
149.43800462678675,1021
31.91556278326217,1022
153.16668706842367,1023
107.35739029281442,1024
172.66000649415557,1025
148.31083072338853,1026
355.4214676589579,1027
128.987355838424,1028
100.62521621108657,1029
255.9248756159902,1030
499.7491917469413,1031
96.67334908236418,1032
116.7261401248504,1033
222.4386614569337,1034
153.86683026224975,1035
105.84366074845796,1036
153.31931778405462,1037
148.49571944483225,1038
112.27399124241104,1039
101.23978596449498,1040
161.85435632233177,1041
166.51904442243878,1042
264.9391255810731,1043
135.6713104591579,1044
109.21025170840925,1045
157.1177582488269,1046
366.13769539341934,1047
143.14787977271382,1048
105.0415650614411,1049
77.27874662809674,1050
115.18835989654664,1051
116.9004086972088,1052
186.77250892565252,1053
166.26586642571394,1054
171.42879721418623,1055
178.12195432268683,1056
81.2099745458797,1057
66.67215852335696,1058
111.6316454931036,1059
211.87288140494977,1060
132.27258823801432,1061
98.92668857694272,1062
97.2742599760056,1063
91.89742858417932,1064
293.37483571179814,1065
147.09611081787054,1066
125.24096165307466,1067
241.6350956157655,1068
181.95861705102627,1069
285.0556867410303,1070
183.4783711665184,1071
190.88768587343995,1072
152.99181121949707,1073
127.50434852660302,1074
153.75614810072486,1075
176.88906374283735,1076
162.39569832932804,1077
148.1401503802151,1078
147.08829677560036,1079
251.32514682680969,1080
199.9453012728006,1081
122.4756034360141,1082
165.5232012745798,1083
256.0269024510742,1084
180.0194600409702,1085
129.42043710023765,1086
127.62737215951684,1087
188.9709006621376,1088
158.22518482141797,1089
329.5710964243733,1090
243.5018490500622,1091
52.19554529049103,1092
205.4009201804981,1093
123.05977426551884,1094
177.59269256972377,1095
238.06742041640584,1096
75.75346539904032,1097
41.99895556912426,1098
338.404116903326,1099
263.42376831628985,1100
136.17137699936185,1101
163.71126383811836,1102
126.22789621342574,1103
243.7961099435449,1104
220.90110771254305,1105
204.81467853569092,1106
157.14595015243296,1107
212.28600277647976,1108
87.55572152220313,1109
130.88476472244267,1110
74.86520691671078,1111
666.2975794345946,1112
214.40999331128447,1113
92.35966176994744,1114
118.91764572159056,1115
89.29967866082345,1116
100.02374103282249,1117
252.66042776604783,1118
194.91383212514825,1119
150.58366111934785,1120
211.7614430756182,1121
228.36165473227055,1122
188.6262631461829,1123
374.8932676714719,1124
125.60523913045084,1125
190.91410885740672,1126
170.37711873733107,1127
104.39933832537984,1128
107.5647217490584,1129
219.31097558782105,1130
137.0314285018355,1131
123.45867706312468,1132
177.8829759919424,1133
147.80388348818423,1134
100.50811095245784,1135
115.25287028484648,1136
160.87324140489702,1137
179.1582880885214,1138
133.79998079397384,1139
76.26996912889783,1140
310.769056730798,1141
115.08539258398716,1142
129.80547545513738,1143
285.3305683256001,1144
218.5405845613093,1145
384.04409781925983,1146
178.34623845935468,1147
304.244216163537,1148
241.34456046380703,1149
340.1067674578041,1150
236.6529472012878,1151
203.3385008432776,1152
242.10900722899143,1153
241.78647642478947,1154
295.8974151898981,1155
86.06872869365517,1156
121.98637744121854,1157
140.65116585873668,1158
105.19780634333048,1159
277.0426621342883,1160
108.25497240376328,1161
220.0096618951172,1162
89.43745076692332,1163
160.1040060658813,1164
234.4363844142169,1165
343.7588737689764,1166
115.95850784227852,1167
131.88224304922525,1168
178.5944119811863,1169
178.30332791422163,1170
79.42469979439531,1171
147.5550315304533,1172
116.20431175258612,1173
234.4525038217068,1174
372.4519147434146,1175
202.62370220002387,1176
203.24692896836103,1177
152.1876812734515,1178
129.3975047523961,1179
121.81686527737084,1180
136.39735046484176,1181
195.56175221026544,1182
443.3051346436948,1183
251.9649483155333,1184
139.8594831366897,1185
315.0825476896823,1186
203.99993669696752,1187
109.09793168388909,1188
328.60060669191785,1189
135.58606106125418,1190
99.71887899645272,1191
217.7703643933744,1192
187.07289759524767,1193
159.3072754469574,1194
142.36200682342653,1195
233.541739788732,1196
47.8828293056101,1197
132.4499457039744,1198
90.83725899540488,1199
109.13317121601332,1200
94.51826165652504,1201
140.53918582190428,1202
158.69566453517083,1203
100.48249346659188,1204
172.4074703593612,1205
161.19539676968608,1206
221.00912030123772,1207
180.780336304462,1208
289.7619838052304,1209
63.015755922427815,1210
138.84262787540112,1211
140.08859087981884,1212
198.8593016964257,1213
194.92040060263727,1214
137.97614519380633,1215
170.11879076704983,1216
442.1813202489973,1217
113.7959665776104,1218
80.65955624998216,1219
297.08568743326373,1220
211.24137268297972,1221
159.87241429824982,1222
191.31767545257364,1223
66.3514305761889,1224
137.56995552488272,1225
204.5420951628,1226
175.8998711094134,1227
136.72092558898632,1228
213.16664338566963,1229
68.4918029493526,1230
248.73243459769196,1231
211.37663792342548,1232
133.94370234374557,1233
460.8503217742653,1234
462.8358172554397,1235
213.65425936215223,1236
189.39076884545983,1237
333.08471370943494,1238
196.07916453377013,1239
103.9244636854962,1240
212.6222007357389,1241
163.24032371387486,1242
163.5680650294632,1243
135.23374018900697,1244
171.02936645679776,1245
148.57045922324662,1246
95.89882856689994,1247
81.87046936236922,1248
175.08658988670115,1249
92.74412183359864,1250
160.5433710737959,1251
165.22605421290402,1252
146.26463984408085,1253
293.9487640269906,1254
82.93633988209669,1255
270.6890169874639,1256
123.3512877215505,1257
101.31553535618488,1258
85.14475231607113,1259
124.6739372684494,1260
285.6454918262423,1261
147.76036826976244,1262
76.42632933043544,1263
461.923683334269,1264
132.62402311050002,1265
238.0474164941222,1266
287.08013158187873,1267
177.03985637881462,1268
166.7822215858721,1269
120.9719931398392,1270
111.98528112460528,1271
175.3793300063223,1272
124.6452516269744,1273
326.17606433936066,1274
139.5153535016686,1275
226.6990267009348,1276
141.16358963110153,1277
137.9465209663719,1278
104.51742899686698,1279
183.340059113583,1280
175.32639180578892,1281
102.7750475973696,1282
261.6264295996041,1283
91.47721510463064,1284
139.18840970088397,1285
124.85972561956052,1286
54.01311273210351,1287
90.55971860781912,1288
109.19111622579996,1289
137.88289607212548,1290
173.5335204749242,1291
208.77305104945452,1292
89.96010393359367,1293
437.5525724542201,1294
66.24893753219996,1295
101.1349323809952,1296
120.02788215958182,1297
159.77313270222996,1298
198.76607133996345,1299
206.68034470908944,1300
168.25093508594338,1301
222.694564376852,1302
95.19500056690204,1303
161.58075586416427,1304
115.91538879916672,1305
218.87883806311197,1306
283.76167986252017,1307
99.93049635075631,1308
133.45527364116762,1309
265.5399925530762,1310
150.9753408193462,1311
151.48503516696994,1312
129.4909776867241,1313
184.72701880790893,1314
99.1838550594509,1315
294.9261821814687,1316
90.839140608801,1317
118.78606852505956,1318
73.33397512639542,1319
90.957696778594,1320
182.2625545588196,1321
375.5117030235813,1322
192.377669178775,1323
94.64624502778652,1324
73.96785644990061,1325
220.5089111336381,1326
119.3677878984124,1327
248.9011013497472,1328
106.17314924009744,1329
132.7685785227329,1330
193.10629198782743,1331
105.64073767595592,1332
255.23889616400604,1333
222.60743286543195,1334
208.78529489221884,1335
136.60091162462388,1336
237.10809549958117,1337
80.0582850881726,1338
60.09946648300294,1339
171.98481829174463,1340
130.464540216966,1341
131.7540405438155,1342
183.40383830935363,1343
119.6456158146136,1344
158.78626603063796,1345
489.4427395061464,1346
144.0166015521497,1347
65.68359093543742,1348
180.5486729004294,1349
140.44413030043845,1350
247.7653043986172,1351
310.02796426125474,1352
388.68609407254166,1353
238.20528426476423,1354
214.01165344648663,1355
230.16868621007208,1356
134.31639459439222,1357
138.16308505915703,1358
227.04185632233177,1359
196.05710566778336,1360
285.735431889432,1361
123.14660589665776,1362
58.81185518287722,1363
427.64080134489245,1364
65.11852061831061,1365
253.21513255768124,1366
143.1566562055484,1367
108.35256754130724,1368
110.2698192101777,1369
233.2361014176965,1370
92.94509260252718,1371
140.80589979597036,1372
127.83370541491216,1373
58.17420685373847,1374
158.1245921439365,1375
182.84931444459264,1376
296.5357057944745,1377
142.7318900887728,1378
224.0538789167874,1379
228.3763495244891,1380
123.06489365630452,1381
169.68060873158876,1382
144.92513036065404,1383
73.15991015442316,1384
124.51967423445214,1385
239.4352843322665,1386
133.6233592665628,1387
106.6625389702492,1388
